INSERT IGNORE INTO subjects (name, description) VALUES
('Bulgarian Language and Literature', 'Bulgarian language and literature studies'),
('English', 'English language studies'),
('Chemistry', 'Chemistry studies'),
('Physics', 'Physics studies'),
('Maths', 'Mathematics studies'),
('Biology', 'Biology studies'),
('Social Anthropology', 'Social anthropology studies'),
('Geography', 'Geography studies'),
('English Literature', 'English literature studies'),
('German (A1)', 'German language for beginners'),
('Spanish (A1)', 'Spanish language for beginners'),
('Philosophy', 'Philosophy studies');

INSERT IGNORE INTO users (egn, email, password, role, student_egn) VALUES
('1000000001', 'v.kolev-student@edu-school.bg', '$2a$10$Xwuz72m4OxyhXYTlYjgtg.yDSxIj0RRlPkKzCSnoP0yw40ytzmudG', 'STUDENT', NULL),
('1000000002', 'k.kosev-student@edu-school.bg', '$2a$10$Xwuz72m4OxyhXYTlYjgtg.yDSxIj0RRlPkKzCSnoP0yw40ytzmudG', 'STUDENT', NULL),
('1000000003', 'i.ivanov-student@edu-school.bg', '$2a$10$Xwuz72m4OxyhXYTlYjgtg.yDSxIj0RRlPkKzCSnoP0yw40ytzmudG', 'STUDENT', NULL),
('1000000004', 'j.doe-student@edu-school.bg', '$2a$10$Xwuz72m4OxyhXYTlYjgtg.yDSxIj0RRlPkKzCSnoP0yw40ytzmudG', 'STUDENT', NULL),
('1000000005', 'd.kovacs-student@edu-school.bg', '$2a$10$Xwuz72m4OxyhXYTlYjgtg.yDSxIj0RRlPkKzCSnoP0yw40ytzmudG', 'STUDENT', NULL),
('1000000006', 's.martinez-student@edu-school.bg', '$2a$10$Xwuz72m4OxyhXYTlYjgtg.yDSxIj0RRlPkKzCSnoP0yw40ytzmudG', 'STUDENT', NULL),
('1000000007', 'm.bennett-student@edu-school.bg', '$2a$10$Xwuz72m4OxyhXYTlYjgtg.yDSxIj0RRlPkKzCSnoP0yw40ytzmudG', 'STUDENT', NULL),
('1000000008', 'e.petrova-student@edu-school.bg', '$2a$10$Xwuz72m4OxyhXYTlYjgtg.yDSxIj0RRlPkKzCSnoP0yw40ytzmudG', 'STUDENT', NULL),
('1000000009', 'l.oconnor-student@edu-school.bg', '$2a$10$Xwuz72m4OxyhXYTlYjgtg.yDSxIj0RRlPkKzCSnoP0yw40ytzmudG', 'STUDENT', NULL),
('1000000010', 'v.ivanov-student@edu-school.bg', '$2a$10$Xwuz72m4OxyhXYTlYjgtg.yDSxIj0RRlPkKzCSnoP0yw40ytzmudG', 'STUDENT', NULL),
('1000000011', 'n.fischer-student@edu-school.bg', '$2a$10$Xwuz72m4OxyhXYTlYjgtg.yDSxIj0RRlPkKzCSnoP0yw40ytzmudG', 'STUDENT', NULL),
('1000000012', 'c.mendes-student@edu-school.bg', '$2a$10$Xwuz72m4OxyhXYTlYjgtg.yDSxIj0RRlPkKzCSnoP0yw40ytzmudG', 'STUDENT', NULL),
('2000000001', 'h.schmidt-teacher@edu-school.bg', '$2a$10$Xwuz72m4OxyhXYTlYjgtg.yDSxIj0RRlPkKzCSnoP0yw40ytzmudG', 'TEACHER', NULL),
('2000000002', 'a.popescu-teacher@edu-school.bg', '$2a$10$Xwuz72m4OxyhXYTlYjgtg.yDSxIj0RRlPkKzCSnoP0yw40ytzmudG', 'TEACHER', NULL),
('3000000001', 'l.navarro-parent@edu-school.bg', '$2a$10$Xwuz72m4OxyhXYTlYjgtg.yDSxIj0RRlPkKzCSnoP0yw40ytzmudG', 'PARENT', '1000000002');

INSERT IGNORE INTO notebooks (student_egn, subject, school_year, format, style, color, content, page_number) VALUES
('1000000001', 'Maths', '2025-2026', 'A4', 'lined', 'blue', '', 1),
('1000000001', 'Physics', '2025-2026', 'A4', 'lined', 'blue', '', 1),
('1000000001', 'English', '2025-2026', 'A4', 'lined', 'blue', '', 1),
('1000000001', 'Bulgarian Language and Literature', '2025-2026', 'A4', 'lined', 'blue', '', 1),
('1000000001', 'English Literature', '2025-2026', 'A4', 'lined', 'blue', '', 1),
('1000000001', 'German (A1)', '2025-2026', 'A4', 'lined', 'blue', '', 1),
('1000000002', 'Maths', '2025-2026', 'A4', 'lined', 'blue', '', 1),
('1000000002', 'Physics', '2025-2026', 'A4', 'lined', 'blue', '', 1),
('1000000002', 'English', '2025-2026', 'A4', 'lined', 'blue', '', 1),
('1000000002', 'Bulgarian Language and Literature', '2025-2026', 'A4', 'lined', 'blue', '', 1),
('1000000002', 'English Literature', '2025-2026', 'A4', 'lined', 'blue', '', 1),
('1000000002', 'German (A1)', '2025-2026', 'A4', 'lined', 'blue', '', 1),
('1000000003', 'Maths', '2025-2026', 'A4', 'lined', 'blue', '', 1),
('1000000003', 'Physics', '2025-2026', 'A4', 'lined', 'blue', '', 1),
('1000000003', 'English', '2025-2026', 'A4', 'lined', 'blue', '', 1),
('1000000003', 'Bulgarian Language and Literature', '2025-2026', 'A4', 'lined', 'blue', '', 1),
('1000000003', 'English Literature', '2025-2026', 'A4', 'lined', 'blue', '', 1),
('1000000003', 'German (A1)', '2025-2026', 'A4', 'lined', 'blue', '', 1),
('1000000004', 'Biology', '2025-2026', 'A4', 'lined', 'blue', '', 1),
('1000000004', 'Chemistry', '2025-2026', 'A4', 'lined', 'blue', '', 1),
('1000000004', 'Physics', '2025-2026', 'A4', 'lined', 'blue', '', 1),
('1000000004', 'English', '2025-2026', 'A4', 'lined', 'blue', '', 1),
('1000000004', 'English Literature', '2025-2026', 'A4', 'lined', 'blue', '', 1),
('1000000004', 'Bulgarian Language and Literature', '2025-2026', 'A4', 'lined', 'blue', '', 1),
('1000000005', 'Biology', '2025-2026', 'A4', 'lined', 'blue', '', 1),
('1000000005', 'Chemistry', '2025-2026', 'A4', 'lined', 'blue', '', 1),
('1000000005', 'Physics', '2025-2026', 'A4', 'lined', 'blue', '', 1),
('1000000005', 'English', '2025-2026', 'A4', 'lined', 'blue', '', 1),
('1000000005', 'English Literature', '2025-2026', 'A4', 'lined', 'blue', '', 1),
('1000000005', 'Bulgarian Language and Literature', '2025-2026', 'A4', 'lined', 'blue', '', 1),
('1000000006', 'Biology', '2025-2026', 'A4', 'lined', 'blue', '', 1),
('1000000006', 'Chemistry', '2025-2026', 'A4', 'lined', 'blue', '', 1),
('1000000006', 'Physics', '2025-2026', 'A4', 'lined', 'blue', '', 1),
('1000000006', 'English', '2025-2026', 'A4', 'lined', 'blue', '', 1),
('1000000006', 'English Literature', '2025-2026', 'A4', 'lined', 'blue', '', 1),
('1000000006', 'Bulgarian Language and Literature', '2025-2026', 'A4', 'lined', 'blue', '', 1),
('1000000007', 'Biology', '2025-2026', 'A4', 'lined', 'blue', '', 1),
('1000000007', 'Chemistry', '2025-2026', 'A4', 'lined', 'blue', '', 1),
('1000000007', 'Physics', '2025-2026', 'A4', 'lined', 'blue', '', 1),
('1000000007', 'English', '2025-2026', 'A4', 'lined', 'blue', '', 1),
('1000000007', 'English Literature', '2025-2026', 'A4', 'lined', 'blue', '', 1),
('1000000007', 'Bulgarian Language and Literature', '2025-2026', 'A4', 'lined', 'blue', '', 1),
('1000000008', 'Geography', '2025-2026', 'A4', 'lined', 'blue', '', 1),
('1000000008', 'Social Anthropology', '2025-2026', 'A4', 'lined', 'blue', '', 1),
('1000000008', 'Philosophy', '2025-2026', 'A4', 'lined', 'blue', '', 1),
('1000000008', 'English', '2025-2026', 'A4', 'lined', 'blue', '', 1),
('1000000008', 'Bulgarian Language and Literature', '2025-2026', 'A4', 'lined', 'blue', '', 1),
('1000000009', 'Geography', '2025-2026', 'A4', 'lined', 'blue', '', 1),
('1000000009', 'Philosophy', '2025-2026', 'A4', 'lined', 'blue', '', 1),
('1000000009', 'Spanish (A1)', '2025-2026', 'A4', 'lined', 'blue', '', 1),
('1000000009', 'English', '2025-2026', 'A4', 'lined', 'blue', '', 1),
('1000000009', 'Maths', '2025-2026', 'A4', 'lined', 'blue', '', 1),
('1000000010', 'Social Anthropology', '2025-2026', 'A4', 'lined', 'blue', '', 1),
('1000000010', 'Geography', '2025-2026', 'A4', 'lined', 'blue', '', 1),
('1000000010', 'Philosophy', '2025-2026', 'A4', 'lined', 'blue', '', 1),
('1000000010', 'Spanish (A1)', '2025-2026', 'A4', 'lined', 'blue', '', 1),
('1000000010', 'Bulgarian Language and Literature', '2025-2026', 'A4', 'lined', 'blue', '', 1),
('1000000011', 'Chemistry', '2025-2026', 'A4', 'lined', 'blue', '', 1),
('1000000011', 'Geography', '2025-2026', 'A4', 'lined', 'blue', '', 1),
('1000000011', 'German (A1)', '2025-2026', 'A4', 'lined', 'blue', '', 1),
('1000000011', 'English', '2025-2026', 'A4', 'lined', 'blue', '', 1),
('1000000011', 'Bulgarian Language and Literature', '2025-2026', 'A4', 'lined', 'blue', '', 1),
('1000000012', 'Social Anthropology', '2025-2026', 'A4', 'lined', 'blue', '', 1),
('1000000012', 'Philosophy', '2025-2026', 'A4', 'lined', 'blue', '', 1),
('1000000012', 'Spanish (A1)', '2025-2026', 'A4', 'lined', 'blue', '', 1),
('1000000012', 'Maths', '2025-2026', 'A4', 'lined', 'blue', '', 1),
('1000000012', 'English', '2025-2026', 'A4', 'lined', 'blue', '', 1);