INSERT INTO subjects (name, description) VALUES
('Bulgarian Language and Literature', 'Bulgarian language and literature studies'),
('English', 'English language studies'),
('Chemistry', 'Chemistry studies'),
('Physics', 'Physics studies'),
('Maths', 'Mathematics studies'),
('Biology', 'Biology studies'),
('Social Anthropology', 'Social anthropology studies'),
('Geography', 'Geography studies'),
('English Literature', 'English literature studies'),
('German (A1)', 'German language for beginners'),
('Spanish (A1)', 'Spanish language for beginners'),
('Philosophy', 'Philosophy studies')
;

INSERT INTO users (egn, email, password, role, demo, student_egn) VALUES
('1000000001', 'v.kolev-student@edu-school.bg', '$2a$10$Xwuz72m4OxyhXYTlYjgtg.yDSxIj0RRlPkKzCSnoP0yw40ytzmudG', 'STUDENT', FALSE, NULL),
('1000000002', 'k.kosev-student@edu-school.bg', '$2a$10$Xwuz72m4OxyhXYTlYjgtg.yDSxIj0RRlPkKzCSnoP0yw40ytzmudG', 'STUDENT', FALSE, NULL),
('1000000003', 'i.ivanov-student@edu-school.bg', '$2a$10$Xwuz72m4OxyhXYTlYjgtg.yDSxIj0RRlPkKzCSnoP0yw40ytzmudG', 'STUDENT', FALSE, NULL),
('1000000004', 'j.doe-student@edu-school.bg', '$2a$10$Xwuz72m4OxyhXYTlYjgtg.yDSxIj0RRlPkKzCSnoP0yw40ytzmudG', 'STUDENT', FALSE, NULL),
('1000000005', 'd.kovacs-student@edu-school.bg', '$2a$10$Xwuz72m4OxyhXYTlYjgtg.yDSxIj0RRlPkKzCSnoP0yw40ytzmudG', 'STUDENT', FALSE, NULL),
('1000000006', 's.martinez-student@edu-school.bg', '$2a$10$Xwuz72m4OxyhXYTlYjgtg.yDSxIj0RRlPkKzCSnoP0yw40ytzmudG', 'STUDENT', FALSE, NULL),
('1000000007', 'm.bennett-student@edu-school.bg', '$2a$10$Xwuz72m4OxyhXYTlYjgtg.yDSxIj0RRlPkKzCSnoP0yw40ytzmudG', 'STUDENT', FALSE, NULL),
('1000000008', 'e.petrova-student@edu-school.bg', '$2a$10$Xwuz72m4OxyhXYTlYjgtg.yDSxIj0RRlPkKzCSnoP0yw40ytzmudG', 'STUDENT', FALSE, NULL),
('1000000009', 'l.oconnor-student@edu-school.bg', '$2a$10$Xwuz72m4OxyhXYTlYjgtg.yDSxIj0RRlPkKzCSnoP0yw40ytzmudG', 'STUDENT', FALSE, NULL),
('1000000010', 'v.ivanov-student@edu-school.bg', '$2a$10$Xwuz72m4OxyhXYTlYjgtg.yDSxIj0RRlPkKzCSnoP0yw40ytzmudG', 'STUDENT', FALSE, NULL),
('1000000011', 'n.fischer-student@edu-school.bg', '$2a$10$Xwuz72m4OxyhXYTlYjgtg.yDSxIj0RRlPkKzCSnoP0yw40ytzmudG', 'STUDENT', FALSE, NULL),
('1000000012', 'c.mendes-student@edu-school.bg', '$2a$10$Xwuz72m4OxyhXYTlYjgtg.yDSxIj0RRlPkKzCSnoP0yw40ytzmudG', 'STUDENT', FALSE, NULL),
('2000000001', 'h.schmidt-teacher@edu-school.bg', '$2a$10$Xwuz72m4OxyhXYTlYjgtg.yDSxIj0RRlPkKzCSnoP0yw40ytzmudG', 'TEACHER', FALSE, NULL),
('2000000002', 'a.popescu-teacher@edu-school.bg', '$2a$10$Xwuz72m4OxyhXYTlYjgtg.yDSxIj0RRlPkKzCSnoP0yw40ytzmudG', 'TEACHER', FALSE, NULL),
('2000000003', 'm.ivanova-maths@edu-school.bg', '$2a$10$Xwuz72m4OxyhXYTlYjgtg.yDSxIj0RRlPkKzCSnoP0yw40ytzmudG', 'TEACHER', FALSE, NULL),
('2000000004', 'p.georgiev-physics@edu-school.bg', '$2a$10$Xwuz72m4OxyhXYTlYjgtg.yDSxIj0RRlPkKzCSnoP0yw40ytzmudG', 'TEACHER', FALSE, NULL),
('2000000005', 'l.stoyanova-chem@edu-school.bg', '$2a$10$Xwuz72m4OxyhXYTlYjgtg.yDSxIj0RRlPkKzCSnoP0yw40ytzmudG', 'TEACHER', FALSE, NULL),
('2000000006', 'd.petrov-biology@edu-school.bg', '$2a$10$Xwuz72m4OxyhXYTlYjgtg.yDSxIj0RRlPkKzCSnoP0yw40ytzmudG', 'TEACHER', FALSE, NULL),
('2000000007', 's.martin-english@edu-school.bg', '$2a$10$Xwuz72m4OxyhXYTlYjgtg.yDSxIj0RRlPkKzCSnoP0yw40ytzmudG', 'TEACHER', FALSE, NULL),
('2000000008', 't.vasileva-bulgarian@edu-school.bg', '$2a$10$Xwuz72m4OxyhXYTlYjgtg.yDSxIj0RRlPkKzCSnoP0yw40ytzmudG', 'TEACHER', FALSE, NULL),
('2000000009', 'g.stefanov-geography@edu-school.bg', '$2a$10$Xwuz72m4OxyhXYTlYjgtg.yDSxIj0RRlPkKzCSnoP0yw40ytzmudG', 'TEACHER', FALSE, NULL),
('2000000010', 'r.dimitrova-philosophy@edu-school.bg', '$2a$10$Xwuz72m4OxyhXYTlYjgtg.yDSxIj0RRlPkKzCSnoP0yw40ytzmudG', 'TEACHER', FALSE, NULL),
('2000000011', 'n.koleva-englishlit@edu-school.bg', '$2a$10$Xwuz72m4OxyhXYTlYjgtg.yDSxIj0RRlPkKzCSnoP0yw40ytzmudG', 'TEACHER', FALSE, NULL),
('2000000012', 'v.georgieva-german@edu-school.bg', '$2a$10$Xwuz72m4OxyhXYTlYjgtg.yDSxIj0RRlPkKzCSnoP0yw40ytzmudG', 'TEACHER', FALSE, NULL),
('2000000013', 'i.karaslavova-spanish@edu-school.bg', '$2a$10$Xwuz72m4OxyhXYTlYjgtg.yDSxIj0RRlPkKzCSnoP0yw40ytzmudG', 'TEACHER', FALSE, NULL),
('2000000014', 'e.nikolova-anthro@edu-school.bg', '$2a$10$Xwuz72m4OxyhXYTlYjgtg.yDSxIj0RRlPkKzCSnoP0yw40ytzmudG', 'TEACHER', FALSE, NULL),
('3000000001', 'l.navarro-parent@edu-school.bg', '$2a$10$Xwuz72m4OxyhXYTlYjgtg.yDSxIj0RRlPkKzCSnoP0yw40ytzmudG', 'PARENT', FALSE, '1000000002'),
('4000000001', 'admin@edu-school.bg', '$2a$10$Xwuz72m4OxyhXYTlYjgtg.yDSxIj0RRlPkKzCSnoP0yw40ytzmudG', 'ADMIN', FALSE, NULL),
('9000000001', 'r.paskalev-student@edu-school.bg', '$2a$10$sLbo6Npo.RVqdTeLjLCbCO1gEhWtYDwg7uFOz5D38QnNTZJw.Hi6.', 'STUDENT', TRUE, NULL),
('9000000002', 'e.vasileva-teacher@edu-school.bg', '$2a$10$sLbo6Npo.RVqdTeLjLCbCO1gEhWtYDwg7uFOz5D38QnNTZJw.Hi6.', 'TEACHER', TRUE, NULL),
('9000000003', 'p.stoyanov-parent@edu-school.bg', '$2a$10$sLbo6Npo.RVqdTeLjLCbCO1gEhWtYDwg7uFOz5D38QnNTZJw.Hi6.', 'PARENT', TRUE, '9000000001'),
('9000000004', 's.markova-admin@edu-school.bg', '$2a$10$sLbo6Npo.RVqdTeLjLCbCO1gEhWtYDwg7uFOz5D38QnNTZJw.Hi6.', 'ADMIN', TRUE, NULL);

INSERT INTO students (egn, first_name, last_name, email, grade, class_name) VALUES
('1000000001', 'Victor', 'Kolev', 'v.kolev-student@edu-school.bg', '10', '10A'),
('1000000002', 'Konstantin', 'Kosev', 'k.kosev-student@edu-school.bg', '10', '10A'),
('1000000003', 'Ivan', 'Ivanov', 'i.ivanov-student@edu-school.bg', '10', '10A'),
('1000000004', 'John', 'Doe', 'j.doe-student@edu-school.bg', '10', '10B'),
('1000000005', 'Daniel', 'Kovacs', 'd.kovacs-student@edu-school.bg', '10', '10B'),
('1000000006', 'Sofia', 'Martinez', 's.martinez-student@edu-school.bg', '10', '10B'),
('1000000007', 'Marcus', 'Bennett', 'm.bennett-student@edu-school.bg', '11', '11A'),
('1000000008', 'Elena', 'Petrova', 'e.petrova-student@edu-school.bg', '11', '11A'),
('1000000009', 'Liam', 'OConnor', 'l.oconnor-student@edu-school.bg', '11', '11A'),
('1000000010', 'Victor', 'Ivanov', 'v.ivanov-student@edu-school.bg', '11', '11B'),
('1000000011', 'Natalie', 'Fischer', 'n.fischer-student@edu-school.bg', '11', '11B'),
('1000000012', 'Carlos', 'Mendes', 'c.mendes-student@edu-school.bg', '11', '11B')
;

INSERT IGNORE INTO teachers (egn, first_name, last_name) VALUES
('2000000001', 'Hannah', 'Schmidt'),
('2000000002', 'Alexandru', 'Popescu'),
('2000000003', 'Maria', 'Ivanova'),
('2000000004', 'Petar', 'Georgiev'),
('2000000005', 'Lora', 'Stoyanova'),
('2000000006', 'Dimitar', 'Petrov'),
('2000000007', 'Steven', 'Martin'),
('2000000008', 'Teodora', 'Vasileva'),
('2000000009', 'Georgi', 'Stefanov'),
('2000000010', 'Radostina', 'Dimitrova'),
('2000000011', 'Nadya', 'Koleva'),
('2000000012', 'Vera', 'Georgieva'),
('2000000013', 'Ivelina', 'Karaslavova'),
('2000000014', 'Elena', 'Nikolova'),
('9000000002', 'Elena', 'Vasileva');

INSERT IGNORE INTO parents (egn, first_name, last_name) VALUES
('3000000001', 'Luis', 'Navarro'),
('9000000003', 'Petar', 'Stoyanov');

INSERT IGNORE INTO subjects (name, description) VALUES
('Maths', 'Mathematics'),
('Physics', 'Physics'),
('Chemistry', 'Chemistry'),
('Biology', 'Biology'),
('English', 'English Language'),
('Bulgarian Language and Literature', 'Bulgarian Language and Literature'),
('English Literature', 'English Literature'),
('Geography', 'Geography'),
('Philosophy', 'Philosophy'),
('Social Anthropology', 'Social Anthropology'),
('German (A1)', 'German Language A1'),
('Spanish (A1)', 'Spanish Language A1'),
('History', 'History');

MERGE INTO notebooks (student_egn, subject, school_year, format, style, color, content, page_number) KEY(student_egn, subject, school_year, page_number) VALUES
('1000000001', 'Maths', '2025-2026', 'A4', 'lined', 'blue', '', 1),
('1000000001', 'Physics', '2025-2026', 'A4', 'lined', 'blue', '', 1),
('1000000001', 'English', '2025-2026', 'A4', 'lined', 'blue', '', 1),
('1000000001', 'Bulgarian Language and Literature', '2025-2026', 'A4', 'lined', 'blue', '', 1),
('1000000001', 'English Literature', '2025-2026', 'A4', 'lined', 'blue', '', 1),
('1000000001', 'German (A1)', '2025-2026', 'A4', 'lined', 'blue', '', 1),
('1000000002', 'Maths', '2025-2026', 'A4', 'lined', 'blue', '', 1),
('1000000002', 'Physics', '2025-2026', 'A4', 'lined', 'blue', '', 1),
('1000000002', 'English', '2025-2026', 'A4', 'lined', 'blue', '', 1),
('1000000002', 'Bulgarian Language and Literature', '2025-2026', 'A4', 'lined', 'blue', '', 1),
('1000000002', 'English Literature', '2025-2026', 'A4', 'lined', 'blue', '', 1),
('1000000002', 'German (A1)', '2025-2026', 'A4', 'lined', 'blue', '', 1),
('1000000003', 'Maths', '2025-2026', 'A4', 'lined', 'blue', '', 1),
('1000000003', 'Physics', '2025-2026', 'A4', 'lined', 'blue', '', 1),
('1000000003', 'English', '2025-2026', 'A4', 'lined', 'blue', '', 1),
('1000000003', 'Bulgarian Language and Literature', '2025-2026', 'A4', 'lined', 'blue', '', 1),
('1000000003', 'English Literature', '2025-2026', 'A4', 'lined', 'blue', '', 1),
('1000000003', 'German (A1)', '2025-2026', 'A4', 'lined', 'blue', '', 1),
('1000000004', 'Biology', '2025-2026', 'A4', 'lined', 'blue', '', 1),
('1000000004', 'Chemistry', '2025-2026', 'A4', 'lined', 'blue', '', 1),
('1000000004', 'Physics', '2025-2026', 'A4', 'lined', 'blue', '', 1),
('1000000004', 'English', '2025-2026', 'A4', 'lined', 'blue', '', 1),
('1000000004', 'English Literature', '2025-2026', 'A4', 'lined', 'blue', '', 1),
('1000000004', 'Bulgarian Language and Literature', '2025-2026', 'A4', 'lined', 'blue', '', 1),
('1000000005', 'Biology', '2025-2026', 'A4', 'lined', 'blue', '', 1),
('1000000005', 'Chemistry', '2025-2026', 'A4', 'lined', 'blue', '', 1),
('1000000005', 'Physics', '2025-2026', 'A4', 'lined', 'blue', '', 1),
('1000000005', 'English', '2025-2026', 'A4', 'lined', 'blue', '', 1),
('1000000005', 'English Literature', '2025-2026', 'A4', 'lined', 'blue', '', 1),
('1000000005', 'Bulgarian Language and Literature', '2025-2026', 'A4', 'lined', 'blue', '', 1),
('1000000006', 'Biology', '2025-2026', 'A4', 'lined', 'blue', '', 1),
('1000000006', 'Chemistry', '2025-2026', 'A4', 'lined', 'blue', '', 1),
('1000000006', 'Physics', '2025-2026', 'A4', 'lined', 'blue', '', 1),
('1000000006', 'English', '2025-2026', 'A4', 'lined', 'blue', '', 1),
('1000000006', 'English Literature', '2025-2026', 'A4', 'lined', 'blue', '', 1),
('1000000006', 'Bulgarian Language and Literature', '2025-2026', 'A4', 'lined', 'blue', '', 1),
('1000000007', 'Biology', '2025-2026', 'A4', 'lined', 'blue', '', 1),
('1000000007', 'Chemistry', '2025-2026', 'A4', 'lined', 'blue', '', 1),
('1000000007', 'Physics', '2025-2026', 'A4', 'lined', 'blue', '', 1),
('1000000007', 'English', '2025-2026', 'A4', 'lined', 'blue', '', 1),
('1000000007', 'English Literature', '2025-2026', 'A4', 'lined', 'blue', '', 1),
('1000000007', 'Bulgarian Language and Literature', '2025-2026', 'A4', 'lined', 'blue', '', 1),
('1000000008', 'Geography', '2025-2026', 'A4', 'lined', 'blue', '', 1),
('1000000008', 'Social Anthropology', '2025-2026', 'A4', 'lined', 'blue', '', 1),
('1000000008', 'Philosophy', '2025-2026', 'A4', 'lined', 'blue', '', 1),
('1000000008', 'English', '2025-2026', 'A4', 'lined', 'blue', '', 1),
('1000000008', 'Bulgarian Language and Literature', '2025-2026', 'A4', 'lined', 'blue', '', 1),
('1000000009', 'Geography', '2025-2026', 'A4', 'lined', 'blue', '', 1),
('1000000009', 'Philosophy', '2025-2026', 'A4', 'lined', 'blue', '', 1),
('1000000009', 'Spanish (A1)', '2025-2026', 'A4', 'lined', 'blue', '', 1),
('1000000009', 'English', '2025-2026', 'A4', 'lined', 'blue', '', 1),
('1000000009', 'Maths', '2025-2026', 'A4', 'lined', 'blue', '', 1),
('1000000010', 'Social Anthropology', '2025-2026', 'A4', 'lined', 'blue', '', 1),
('1000000010', 'Geography', '2025-2026', 'A4', 'lined', 'blue', '', 1),
('1000000010', 'Philosophy', '2025-2026', 'A4', 'lined', 'blue', '', 1),
('1000000010', 'Spanish (A1)', '2025-2026', 'A4', 'lined', 'blue', '', 1),
('1000000010', 'Bulgarian Language and Literature', '2025-2026', 'A4', 'lined', 'blue', '', 1),
('1000000011', 'Chemistry', '2025-2026', 'A4', 'lined', 'blue', '', 1),
('1000000011', 'Geography', '2025-2026', 'A4', 'lined', 'blue', '', 1),
('1000000011', 'German (A1)', '2025-2026', 'A4', 'lined', 'blue', '', 1),
('1000000011', 'English', '2025-2026', 'A4', 'lined', 'blue', '', 1),
('1000000011', 'Bulgarian Language and Literature', '2025-2026', 'A4', 'lined', 'blue', '', 1),
('1000000012', 'Social Anthropology', '2025-2026', 'A4', 'lined', 'blue', '', 1),
('1000000012', 'Philosophy', '2025-2026', 'A4', 'lined', 'blue', '', 1),
('1000000012', 'Spanish (A1)', '2025-2026', 'A4', 'lined', 'blue', '', 1),
('1000000012', 'Maths', '2025-2026', 'A4', 'lined', 'blue', '', 1),
('1000000012', 'English', '2025-2026', 'A4', 'lined', 'blue', '', 1)
;
