INSERT IGNORE INTO users (egn, email, password, role, demo, student_egn) VALUES
('1000000001', 'v.kolev-student@edu-school.bg', '$2a$10$Xwuz72m4OxyhXYTlYjgtg.yDSxIj0RRlPkKzCSnoP0yw40ytzmudG', 'STUDENT', FALSE, NULL),
('1000000002', 'k.kosev-student@edu-school.bg', '$2a$10$Xwuz72m4OxyhXYTlYjgtg.yDSxIj0RRlPkKzCSnoP0yw40ytzmudG', 'STUDENT', FALSE, NULL),
('1000000003', 'i.ivanov-student@edu-school.bg', '$2a$10$Xwuz72m4OxyhXYTlYjgtg.yDSxIj0RRlPkKzCSnoP0yw40ytzmudG', 'STUDENT', FALSE, NULL),
('1000000004', 'j.doe-student@edu-school.bg', '$2a$10$Xwuz72m4OxyhXYTlYjgtg.yDSxIj0RRlPkKzCSnoP0yw40ytzmudG', 'STUDENT', FALSE, NULL),
('1000000005', 'd.kovacs-student@edu-school.bg', '$2a$10$Xwuz72m4OxyhXYTlYjgtg.yDSxIj0RRlPkKzCSnoP0yw40ytzmudG', 'STUDENT', FALSE, NULL),
('1000000006', 's.martinez-student@edu-school.bg', '$2a$10$Xwuz72m4OxyhXYTlYjgtg.yDSxIj0RRlPkKzCSnoP0yw40ytzmudG', 'STUDENT', FALSE, NULL),
('1000000007', 'm.bennett-student@edu-school.bg', '$2a$10$Xwuz72m4OxyhXYTlYjgtg.yDSxIj0RRlPkKzCSnoP0yw40ytzmudG', 'STUDENT', FALSE, NULL),
('1000000008', 'e.petrova-student@edu-school.bg', '$2a$10$Xwuz72m4OxyhXYTlYjgtg.yDSxIj0RRlPkKzCSnoP0yw40ytzmudG', 'STUDENT', FALSE, NULL),
('1000000009', 'l.oconnor-student@edu-school.bg', '$2a$10$Xwuz72m4OxyhXYTlYjgtg.yDSxIj0RRlPkKzCSnoP0yw40ytzmudG', 'STUDENT', FALSE, NULL),
('1000000010', 'v.ivanov-student@edu-school.bg', '$2a$10$Xwuz72m4OxyhXYTlYjgtg.yDSxIj0RRlPkKzCSnoP0yw40ytzmudG', 'STUDENT', FALSE, NULL),
('1000000011', 'n.fischer-student@edu-school.bg', '$2a$10$Xwuz72m4OxyhXYTlYjgtg.yDSxIj0RRlPkKzCSnoP0yw40ytzmudG', 'STUDENT', FALSE, NULL),
('1000000012', 'c.mendes-student@edu-school.bg', '$2a$10$Xwuz72m4OxyhXYTlYjgtg.yDSxIj0RRlPkKzCSnoP0yw40ytzmudG', 'STUDENT', FALSE, NULL),
('2000000001', 'h.schmidt-teacher@edu-school.bg', '$2a$10$Xwuz72m4OxyhXYTlYjgtg.yDSxIj0RRlPkKzCSnoP0yw40ytzmudG', 'TEACHER', FALSE, NULL),
('2000000002', 'a.popescu-teacher@edu-school.bg', '$2a$10$Xwuz72m4OxyhXYTlYjgtg.yDSxIj0RRlPkKzCSnoP0yw40ytzmudG', 'TEACHER', FALSE, NULL),
('2000000003', 'm.ivanova-maths@edu-school.bg', '$2a$10$Xwuz72m4OxyhXYTlYjgtg.yDSxIj0RRlPkKzCSnoP0yw40ytzmudG', 'TEACHER', FALSE, NULL),
('2000000004', 'p.georgiev-physics@edu-school.bg', '$2a$10$Xwuz72m4OxyhXYTlYjgtg.yDSxIj0RRlPkKzCSnoP0yw40ytzmudG', 'TEACHER', FALSE, NULL),
('2000000005', 'l.stoyanova-chem@edu-school.bg', '$2a$10$Xwuz72m4OxyhXYTlYjgtg.yDSxIj0RRlPkKzCSnoP0yw40ytzmudG', 'TEACHER', FALSE, NULL),
('2000000006', 'd.petrov-biology@edu-school.bg', '$2a$10$Xwuz72m4OxyhXYTlYjgtg.yDSxIj0RRlPkKzCSnoP0yw40ytzmudG', 'TEACHER', FALSE, NULL),
('2000000007', 's.martin-english@edu-school.bg', '$2a$10$Xwuz72m4OxyhXYTlYjgtg.yDSxIj0RRlPkKzCSnoP0yw40ytzmudG', 'TEACHER', FALSE, NULL),
('2000000008', 't.vasileva-bulgarian@edu-school.bg', '$2a$10$Xwuz72m4OxyhXYTlYjgtg.yDSxIj0RRlPkKzCSnoP0yw40ytzmudG', 'TEACHER', FALSE, NULL),
('2000000009', 'g.stefanov-geography@edu-school.bg', '$2a$10$Xwuz72m4OxyhXYTlYjgtg.yDSxIj0RRlPkKzCSnoP0yw40ytzmudG', 'TEACHER', FALSE, NULL),
('2000000010', 'r.dimitrova-philosophy@edu-school.bg', '$2a$10$Xwuz72m4OxyhXYTlYjgtg.yDSxIj0RRlPkKzCSnoP0yw40ytzmudG', 'TEACHER', FALSE, NULL),
('2000000011', 'n.koleva-englishlit@edu-school.bg', '$2a$10$Xwuz72m4OxyhXYTlYjgtg.yDSxIj0RRlPkKzCSnoP0yw40ytzmudG', 'TEACHER', FALSE, NULL),
('2000000012', 'v.georgieva-german@edu-school.bg', '$2a$10$Xwuz72m4OxyhXYTlYjgtg.yDSxIj0RRlPkKzCSnoP0yw40ytzmudG', 'TEACHER', FALSE, NULL),
('2000000013', 'i.karaslavova-spanish@edu-school.bg', '$2a$10$Xwuz72m4OxyhXYTlYjgtg.yDSxIj0RRlPkKzCSnoP0yw40ytzmudG', 'TEACHER', FALSE, NULL),
('2000000014', 'e.nikolova-anthro@edu-school.bg', '$2a$10$Xwuz72m4OxyhXYTlYjgtg.yDSxIj0RRlPkKzCSnoP0yw40ytzmudG', 'TEACHER', FALSE, NULL),
('3000000001', 'l.navarro-parent@edu-school.bg', '$2a$10$Xwuz72m4OxyhXYTlYjgtg.yDSxIj0RRlPkKzCSnoP0yw40ytzmudG', 'PARENT', FALSE, '1000000002'),
('4000000001', 'admin@edu-school.bg', '$2a$10$Xwuz72m4OxyhXYTlYjgtg.yDSxIj0RRlPkKzCSnoP0yw40ytzmudG', 'ADMIN', FALSE, NULL),
('9000000001', 'r.paskalev-student@edu-school.bg', '$2a$10$sLbo6Npo.RVqdTeLjLCbCO1gEhWtYDwg7uFOz5D38QnNTZJw.Hi6.', 'STUDENT', TRUE, NULL),
('9000000002', 'e.vasileva-teacher@edu-school.bg', '$2a$10$sLbo6Npo.RVqdTeLjLCbCO1gEhWtYDwg7uFOz5D38QnNTZJw.Hi6.', 'TEACHER', TRUE, NULL),
('9000000003', 'p.stoyanov-parent@edu-school.bg', '$2a$10$sLbo6Npo.RVqdTeLjLCbCO1gEhWtYDwg7uFOz5D38QnNTZJw.Hi6.', 'PARENT', TRUE, '9000000001'),
('9000000004', 's.markova-admin@edu-school.bg', '$2a$10$sLbo6Npo.RVqdTeLjLCbCO1gEhWtYDwg7uFOz5D38QnNTZJw.Hi6.', 'ADMIN', TRUE, NULL);

INSERT IGNORE INTO students (egn, first_name, last_name, email, grade, class_name) VALUES
('1000000001', 'Victor', 'Kolev', 'v.kolev-student@edu-school.bg', '11', '11D'),
('1000000002', 'Konstantin', 'Kosev', 'k.kosev-student@edu-school.bg', '11', '11D'),
('1000000003', 'Ivan', 'Ivanov', 'i.ivanov-student@edu-school.bg', '11', '11D'),
('1000000004', 'John', 'Doe', 'j.doe-student@edu-school.bg', '11', '11D'),
('1000000005', 'Daniel', 'Kovacs', 'd.kovacs-student@edu-school.bg', '11', '11D'),
('1000000006', 'Sofia', 'Martinez', 's.martinez-student@edu-school.bg', '11', '11D'),
('1000000007', 'Marcus', 'Bennett', 'm.bennett-student@edu-school.bg', '11', '11D'),
('1000000008', 'Elena', 'Petrova', 'e.petrova-student@edu-school.bg', '11', '11D'),
('1000000009', 'Liam', 'OConnor', 'l.oconnor-student@edu-school.bg', '11', '11D'),
('1000000010', 'Victor', 'Ivanov', 'v.ivanov-student@edu-school.bg', '11', '11D'),
('1000000011', 'Natalie', 'Fischer', 'n.fischer-student@edu-school.bg', '11', '11D'),
('1000000012', 'Carlos', 'Mendes', 'c.mendes-student@edu-school.bg', '11', '11D'),
('9000000001', 'Radoslav', 'Paskalev', 'r.paskalev-student@edu-school.bg', '11', '11D');

INSERT IGNORE INTO teachers (egn, first_name, last_name) VALUES
('2000000001', 'Hannah', 'Schmidt'),
('2000000002', 'Alexandru', 'Popescu'),
('2000000003', 'Maria', 'Ivanova'),
('2000000004', 'Petar', 'Georgiev'),
('2000000005', 'Lora', 'Stoyanova'),
('2000000006', 'Dimitar', 'Petrov'),
('2000000007', 'Steven', 'Martin'),
('2000000008', 'Teodora', 'Vasileva'),
('2000000009', 'Georgi', 'Stefanov'),
('2000000010', 'Radostina', 'Dimitrova'),
('2000000011', 'Nadya', 'Koleva'),
('2000000012', 'Vera', 'Georgieva'),
('2000000013', 'Ivelina', 'Karaslavova'),
('2000000014', 'Elena', 'Nikolova'),
('9000000002', 'Elena', 'Vasileva');

INSERT IGNORE INTO parents (egn, first_name, last_name) VALUES
('3000000001', 'Luis', 'Navarro'),
('9000000003', 'Petar', 'Stoyanov');

INSERT IGNORE INTO subjects (name, description) VALUES
('Maths', 'Mathematics'),
('Physics', 'Physics'),
('Chemistry', 'Chemistry'),
('Biology', 'Biology'),
('English', 'English Language'),
('Bulgarian Language and Literature', 'Bulgarian Language and Literature'),
('English Literature', 'English Literature'),
('Geography', 'Geography'),
('Philosophy', 'Philosophy'),
('Social Anthropology', 'Social Anthropology'),
('German (A1)', 'German Language A1'),
('Spanish (A1)', 'Spanish Language A1'),
('History', 'History');

INSERT IGNORE INTO lessons (subject_id, teacher_egn, date, content)
SELECT s.id, '2000000003', '2026-04-01', 'Introduction to Quadratic Equations' FROM subjects s WHERE s.name = 'Maths';
INSERT IGNORE INTO lessons (subject_id, teacher_egn, date, content)
SELECT s.id, '2000000004', '2026-04-01', 'Newton Laws of Motion' FROM subjects s WHERE s.name = 'Physics';
INSERT IGNORE INTO lessons (subject_id, teacher_egn, date, content)
SELECT s.id, '2000000005', '2026-04-01', 'Periodic Table Overview' FROM subjects s WHERE s.name = 'Chemistry';
INSERT IGNORE INTO lessons (subject_id, teacher_egn, date, content)
SELECT s.id, '2000000006', '2026-04-01', 'Cell Structure and Function' FROM subjects s WHERE s.name = 'Biology';
INSERT IGNORE INTO lessons (subject_id, teacher_egn, date, content)
SELECT s.id, '2000000007', '2026-04-01', 'Reading Comprehension Skills' FROM subjects s WHERE s.name = 'English';
INSERT IGNORE INTO lessons (subject_id, teacher_egn, date, content)
SELECT s.id, '2000000008', '2026-04-01', 'Bulgarian Grammar Review' FROM subjects s WHERE s.name = 'Bulgarian Language and Literature';
INSERT IGNORE INTO lessons (subject_id, teacher_egn, date, content)
SELECT s.id, '2000000011', '2026-04-01', 'Shakespeare Introduction' FROM subjects s WHERE s.name = 'English Literature';
INSERT IGNORE INTO lessons (subject_id, teacher_egn, date, content)
SELECT s.id, '2000000009', '2026-04-01', 'Physical Geography Basics' FROM subjects s WHERE s.name = 'Geography';
INSERT IGNORE INTO lessons (subject_id, teacher_egn, date, content)
SELECT s.id, '2000000010', '2026-04-01', 'Introduction to Ethics' FROM subjects s WHERE s.name = 'Philosophy';
INSERT IGNORE INTO lessons (subject_id, teacher_egn, date, content)
SELECT s.id, '2000000014', '2026-04-01', 'Culture and Society' FROM subjects s WHERE s.name = 'Social Anthropology';
INSERT IGNORE INTO lessons (subject_id, teacher_egn, date, content)
SELECT s.id, '2000000012', '2026-04-01', 'German Alphabet and Greetings' FROM subjects s WHERE s.name = 'German (A1)';
INSERT IGNORE INTO lessons (subject_id, teacher_egn, date, content)
SELECT s.id, '2000000013', '2026-04-01', 'Spanish Basics and Introductions' FROM subjects s WHERE s.name = 'Spanish (A1)';